[
    {},
    {
        "timestamp": "1",
        "objects": [
            [
                {
                    "iden": "9.0",
                    "name": "D",
                    "probability": "0.86960506",
                    "center_x": "71.0",
                    "center_y": "145.5"
                }
            ]
        ]
    },
    {
        "timestamp": "2",
        "objects": [
            [
                {
                    "iden": "9.0",
                    "name": "D",
                    "probability": "0.83364475",
                    "center_x": "71.0",
                    "center_y": "168.5"
                }
            ]
        ]
    },
    {
        "timestamp": "3",
        "objects": [
            [
                {
                    "iden": "9.0",
                    "name": "D",
                    "probability": "0.85285187",
                    "center_x": "72.5",
                    "center_y": "165.5"
                }
            ]
        ]
    },
    {
        "timestamp": "4",
        "objects": [
            [
                {
                    "iden": "9.0",
                    "name": "D",
                    "probability": "0.8957896",
                    "center_x": "75.0",
                    "center_y": "159.0"
                }
            ]
        ]
    },
    {
        "timestamp": "5",
        "objects": [
            [
                {
                    "iden": "9.0",
                    "name": "D",
                    "probability": "0.9028276",
                    "center_x": "69.5",
                    "center_y": "152.5"
                }
            ]
        ]
    },
    {
        "timestamp": "6",
        "objects": [
            [
                {
                    "iden": "9.0",
                    "name": "D",
                    "probability": "0.85142314",
                    "center_x": "69.5",
                    "center_y": "147.5"
                }
            ]
        ]
    },
    {
        "timestamp": "7",
        "objects": [
            [
                {
                    "iden": "9.0",
                    "name": "D",
                    "probability": "0.8445321",
                    "center_x": "68.5",
                    "center_y": "140.5"
                }
            ]
        ]
    },
    {
        "timestamp": "8",
        "objects": [
            [
                {
                    "iden": "9.0",
                    "name": "D",
                    "probability": "0.87520456",
                    "center_x": "69.5",
                    "center_y": "135.0"
                }
            ]
        ]
    },
    {
        "timestamp": "9",
        "objects": [
            [
                {
                    "iden": "9.0",
                    "name": "D",
                    "probability": "0.8117709",
                    "center_x": "69.5",
                    "center_y": "136.5"
                }
            ]
        ]
    },
    {
        "timestamp": "10",
        "objects": [
            [
                {
                    "iden": "9.0",
                    "name": "D",
                    "probability": "0.87943685",
                    "center_x": "70.0",
                    "center_y": "159.5"
                }
            ]
        ]
    },
    {
        "timestamp": "11",
        "objects": [
            [
                {
                    "iden": "9.0",
                    "name": "D",
                    "probability": "0.86552775",
                    "center_x": "72.5",
                    "center_y": "162.0"
                }
            ]
        ]
    },
    {
        "timestamp": "12",
        "objects": [
            [
                {
                    "iden": "9.0",
                    "name": "D",
                    "probability": "0.8353106",
                    "center_x": "72.0",
                    "center_y": "167.0"
                }
            ]
        ]
    }
]