[
    {},
    {
        "timestamp": "1",
        "objects": [
            [
                {
                    "iden": "3.0",
                    "name": "M",
                    "probability": "0.80849636",
                    "center_x": "189.0",
                    "center_y": "189.0"
                }
            ]
        ]
    },
    {
        "timestamp": "2",
        "objects": [
            [
                {
                    "iden": "3.0",
                    "name": "M",
                    "probability": "0.809535",
                    "center_x": "230.5",
                    "center_y": "198.5"
                }
            ]
        ]
    },
    {
        "timestamp": "3",
        "objects": [
            [
                {
                    "iden": "9.0",
                    "name": "D",
                    "probability": "0.804381",
                    "center_x": "66.0",
                    "center_y": "146.0"
                }
            ]
        ]
    },
    {
        "timestamp": "4",
        "objects": [
            [
                {
                    "iden": "9.0",
                    "name": "D",
                    "probability": "0.8009734",
                    "center_x": "69.5",
                    "center_y": "150.5"
                }
            ]
        ]
    },
    {
        "timestamp": "5",
        "objects": [
            [
                {
                    "iden": "9.0",
                    "name": "D",
                    "probability": "0.8272186",
                    "center_x": "71.5",
                    "center_y": "151.0"
                }
            ]
        ]
    },
    {
        "timestamp": "6",
        "objects": [
            [
                {
                    "iden": "9.0",
                    "name": "D",
                    "probability": "0.867801",
                    "center_x": "76.5",
                    "center_y": "175.0"
                }
            ]
        ]
    },
    {
        "timestamp": "7",
        "objects": [
            [
                {
                    "iden": "9.0",
                    "name": "D",
                    "probability": "0.86354345",
                    "center_x": "74.5",
                    "center_y": "176.5"
                }
            ]
        ]
    },
    {
        "timestamp": "8",
        "objects": [
            [
                {
                    "iden": "9.0",
                    "name": "D",
                    "probability": "0.8939483",
                    "center_x": "80.0",
                    "center_y": "177.0"
                }
            ]
        ]
    },
    {
        "timestamp": "9",
        "objects": [
            [
                {
                    "iden": "9.0",
                    "name": "D",
                    "probability": "0.8635409",
                    "center_x": "80.5",
                    "center_y": "178.0"
                }
            ]
        ]
    },
    {
        "timestamp": "10",
        "objects": [
            [
                {
                    "iden": "9.0",
                    "name": "D",
                    "probability": "0.873533",
                    "center_x": "80.5",
                    "center_y": "173.0"
                }
            ]
        ]
    },
    {
        "timestamp": "11",
        "objects": [
            [
                {
                    "iden": "9.0",
                    "name": "D",
                    "probability": "0.9056",
                    "center_x": "79.5",
                    "center_y": "168.0"
                }
            ]
        ]
    },
    {
        "timestamp": "12",
        "objects": [
            [
                {
                    "iden": "9.0",
                    "name": "D",
                    "probability": "0.90671897",
                    "center_x": "79.5",
                    "center_y": "167.0"
                }
            ]
        ]
    },
    {
        "timestamp": "13",
        "objects": [
            [
                {
                    "iden": "9.0",
                    "name": "D",
                    "probability": "0.907317",
                    "center_x": "77.0",
                    "center_y": "161.0"
                }
            ]
        ]
    },
    {
        "timestamp": "14",
        "objects": [
            [
                {
                    "iden": "9.0",
                    "name": "D",
                    "probability": "0.8530432",
                    "center_x": "80.0",
                    "center_y": "161.0"
                }
            ]
        ]
    },
    {
        "timestamp": "15",
        "objects": [
            [
                {
                    "iden": "9.0",
                    "name": "D",
                    "probability": "0.8851994",
                    "center_x": "83.5",
                    "center_y": "161.0"
                }
            ]
        ]
    },
    {
        "timestamp": "16",
        "objects": [
            [
                {
                    "iden": "9.0",
                    "name": "D",
                    "probability": "0.91657937",
                    "center_x": "82.0",
                    "center_y": "160.5"
                }
            ]
        ]
    },
    {
        "timestamp": "17",
        "objects": [
            [
                {
                    "iden": "9.0",
                    "name": "D",
                    "probability": "0.89230895",
                    "center_x": "80.5",
                    "center_y": "162.5"
                }
            ]
        ]
    },
    {
        "timestamp": "18",
        "objects": [
            [
                {
                    "iden": "9.0",
                    "name": "D",
                    "probability": "0.88157654",
                    "center_x": "76.0",
                    "center_y": "164.0"
                }
            ]
        ]
    },
    {
        "timestamp": "19",
        "objects": [
            [
                {
                    "iden": "9.0",
                    "name": "D",
                    "probability": "0.8853913",
                    "center_x": "76.5",
                    "center_y": "164.0"
                }
            ]
        ]
    },
    {
        "timestamp": "20",
        "objects": [
            [
                {
                    "iden": "9.0",
                    "name": "D",
                    "probability": "0.8981757",
                    "center_x": "79.0",
                    "center_y": "163.0"
                }
            ]
        ]
    },
    {
        "timestamp": "21",
        "objects": [
            [
                {
                    "iden": "9.0",
                    "name": "D",
                    "probability": "0.9029013",
                    "center_x": "84.0",
                    "center_y": "165.0"
                }
            ]
        ]
    },
    {
        "timestamp": "22",
        "objects": [
            [
                {
                    "iden": "9.0",
                    "name": "D",
                    "probability": "0.907502",
                    "center_x": "78.5",
                    "center_y": "167.5"
                }
            ]
        ]
    },
    {
        "timestamp": "23",
        "objects": [
            [
                {
                    "iden": "9.0",
                    "name": "D",
                    "probability": "0.889939",
                    "center_x": "75.5",
                    "center_y": "166.5"
                }
            ]
        ]
    },
    {
        "timestamp": "24",
        "objects": [
            [
                {
                    "iden": "9.0",
                    "name": "D",
                    "probability": "0.89227414",
                    "center_x": "75.5",
                    "center_y": "167.0"
                }
            ]
        ]
    },
    {
        "timestamp": "25",
        "objects": [
            [
                {
                    "iden": "9.0",
                    "name": "D",
                    "probability": "0.9071411",
                    "center_x": "77.5",
                    "center_y": "167.0"
                }
            ]
        ]
    }
]