[
    {},
    {
        "timestamp": "1",
        "objects": [
            [
                {
                    "iden": "9.0",
                    "name": "Doors",
                    "probability": "0.89324117",
                    "center_x": "110.5",
                    "center_y": "219.5"
                }
            ]
        ]
    },
    {
        "timestamp": "2",
        "objects": [
            [
                {
                    "iden": "9.0",
                    "name": "Doors",
                    "probability": "0.8833029",
                    "center_x": "146.0",
                    "center_y": "215.0"
                }
            ]
        ]
    },
    {
        "timestamp": "3",
        "objects": [
            [
                {
                    "iden": "9.0",
                    "name": "Doors",
                    "probability": "0.85243756",
                    "center_x": "82.0",
                    "center_y": "177.5"
                }
            ]
        ]
    },
    {
        "timestamp": "4",
        "objects": [
            [
                {
                    "iden": "9.0",
                    "name": "Doors",
                    "probability": "0.8362895",
                    "center_x": "76.0",
                    "center_y": "177.0"
                }
            ]
        ]
    }
]